{
    "auth": [
        {
            "permission": false,
            "id": 1,
            "text": "超级管理员"
        },
        {
            "permission": false,
            "id": 2,
            "text": "小小管理员"
        },
        {
            "permission": true,
            "id": 3,
            "text": "迷你管理员"
        },
        {
            "permission": false,
            "id": 5,
            "text": "测试"
        },
        {
            "permission": false,
            "id": 6,
            "text": "wregr"
        }
    ],
    "success": true
}