{
    "data": [
        {
            "userId": 1,
            "loginName": "dk",
            "loginCount": 542,
            "state": "FORBIDDEN",
            "lastLoginTime": "2017-03-30 10:11:55",
            "lastLoginIp": "127.0.0.1",
            "createTime": "2016-12-21 11:16:00"
        },
        {
            "userId": 2,
            "loginName": "test",
            "loginCount": 40,
            "state": "FORBIDDEN",
            "lastLoginTime": "2017-01-03 13:58:05",
            "lastLoginIp": "127.0.0.1",
            "createTime": "2016-12-21 11:16:03"
        },
        {
            "userId": 7,
            "loginName": "hanfeng",
            "loginCount": 3,
            "state": "FORBIDDEN",
            "lastLoginTime": "2017-01-03 13:57:15",
            "lastLoginIp": "127.0.0.1",
            "createTime": "2016-12-22 10:27:52"
        },
        {
            "userId": 10,
            "loginName": "hanfeng3",
            "loginCount": 0,
            "state": "FORBIDDEN",
            "lastLoginTime": null,
            "lastLoginIp": null,
            "createTime": "2016-12-23 22:02:48"
        },
        {
            "userId": 11,
            "loginName": "hanfeng11111",
            "loginCount": 0,
            "state": "FORBIDDEN",
            "lastLoginTime": null,
            "lastLoginIp": null,
            "createTime": "2016-12-28 11:46:01"
        },
        {
            "userId": 12,
            "loginName": "111",
            "loginCount": 0,
            "state": "FORBIDDEN",
            "lastLoginTime": null,
            "lastLoginIp": null,
            "createTime": "2016-12-28 11:46:31"
        },
        {
            "userId": 14,
            "loginName": "gg",
            "loginCount": 2,
            "state": "FORBIDDEN",
            "lastLoginTime": "2016-12-29 16:27:31",
            "lastLoginIp": "127.0.0.1",
            "createTime": "2016-12-29 16:26:18"
        },
        {
            "userId": 15,
            "loginName": "zhangsan",
            "loginCount": 0,
            "state": "NORMAL",
            "lastLoginTime": null,
            "lastLoginIp": null,
            "createTime": "2017-01-13 11:14:15"
        },
        {
            "userId": 16,
            "loginName": "gerferwf",
            "loginCount": 0,
            "state": "FORBIDDEN",
            "lastLoginTime": null,
            "lastLoginIp": null,
            "createTime": "2017-03-25 16:44:44"
        },
        {
            "userId": 17,
            "loginName": "wgfwefgwe",
            "loginCount": 0,
            "state": "FORBIDDEN",
            "lastLoginTime": null,
            "lastLoginIp": null,
            "createTime": "2017-03-25 16:45:04"
        },
        {
            "userId": 18,
            "loginName": "小尾巴的牛",
            "loginCount": 0,
            "state": "FORBIDDEN",
            "lastLoginTime": null,
            "lastLoginIp": null,
            "createTime": "2017-03-26 16:53:36"
        },
        {
            "userId": 19,
            "loginName": "个围观围观",
            "loginCount": 0,
            "state": "FORBIDDEN",
            "lastLoginTime": null,
            "lastLoginIp": null,
            "createTime": "2017-03-26 17:05:10"
        },
        {
            "userId": 20,
            "loginName": "gwegweg",
            "loginCount": 0,
            "state": "NORMAL",
            "lastLoginTime": null,
            "lastLoginIp": null,
            "createTime": "2017-03-27 00:42:51"
        }
    ],
    "success": true
}